,Unnamed: 0,baseMean,log2FoldChange,lfcSE,stat,pvalue,padj,gene,cluster,number_of_subsamples
0,IFI6_ENSTGUG00000021692.1,3.354506598909353,-6.7974180471364605,0.8672208358336367,42.64121274937179,6.575917646768256e-11,1.4795814705228577e-08,IFI6_ENSTGUG00000021692.1,oligodendrocyte precursor cells,10
1,SLC4A4_ENSTGUG00000001611.2,1.4491452925956658,-1.8306380520948569,0.3039676365099951,33.16825453481323,8.451917382721028e-09,9.508407055561155e-07,SLC4A4_ENSTGUG00000001611.2,oligodendrocyte precursor cells,10
2,HBAA_ENSTGUG00000004372.2,3.3624898668758623,4.310068219064593,0.2603283020694142,675.3002835296937,7.030034618077064e-149,2.776160670678632e-145,HBAA_ENSTGUG00000004372.2,oligodendrocyte precursor cells,10
3,HBAA_ENSTGUG00000004372.2,3.2575251980314337,5.500028670052734,0.3897951106409879,765.2707518243258,1.9188211730734162e-168,7.563993064255408e-165,HBAA_ENSTGUG00000004372.2,oligodendrocyte precursor cells,10
4,HBAA_ENSTGUG00000004372.2,3.413946951604017,4.088572358377439,0.24101506870183426,655.0797319865143,1.7554001166490527e-144,3.949650262460369e-142,HBAA_ENSTGUG00000004372.2,oligodendrocyte precursor cells,10
5,HBAA_ENSTGUG00000004372.2,3.2992296459614616,5.148929515199262,0.34476858711826464,747.5271661368088,1.3838399493422682e-164,5.492460758939462e-161,HBAA_ENSTGUG00000004372.2,oligodendrocyte precursor cells,10
