,Unnamed: 0,baseMean,log2FoldChange,lfcSE,stat,pvalue,padj,gene,cluster,number_of_subsamples
0,GRP_ENSTGUG00000023555.1,5.938286555555874,-1.3655576344585934,0.09917148622071027,203.8931779568329,2.9532020959261727e-46,1.0380505367180495e-42,GRP_ENSTGUG00000023555.1,GABAergic neurons 1,10
1,GRP_ENSTGUG00000023555.1,5.5156693498823826,-1.0748948439597443,0.0929683801949214,141.8318440045316,1.0583997507926548e-32,3.719216724285389e-29,GRP_ENSTGUG00000023555.1,GABAergic neurons 1,10
