,Unnamed: 0,baseMean,log2FoldChange,lfcSE,stat,pvalue,padj,gene,cluster,number_of_subsamples
0,HBAD_ENSTGUG00000004381.2,1.7186698633487805,5.814733711219474,0.5941671737655307,416.85230298048276,1.1819138322181232e-92,2.1924501587646187e-89,HBAD_ENSTGUG00000004381.2,GABAergic neurons 2,3
1,HBAA_ENSTGUG00000004372.2,2.7270087022535567,5.602529031430316,0.4394757516872975,649.7326141367137,2.554243777475569e-143,9.476244414434362e-140,HBAA_ENSTGUG00000004372.2,GABAergic neurons 2,3
