,Unnamed: 0,baseMean,log2FoldChange,lfcSE,stat,pvalue,padj,gene,cluster,number_of_subsamples
0,HBAA_ENSTGUG00000004372.2,7.191512071973727,-1.4398107439665304,0.08559305591157633,318.2220115315133,3.533368597916818e-71,7.950079345312839e-69,HBAA_ENSTGUG00000004372.2,mural / vascular endothelial cells 1,3
1,CFD_ENSTGUG00000000656.2,13.755987480571966,-0.8001784911016838,0.13224172297234854,32.80671986949073,1.0179234869299476e-08,7.634426151974606e-07,CFD_ENSTGUG00000000656.2,mural / vascular endothelial cells 1,3
2,_ENSTGUG00000017273.2,1.7874798727224308,-4.135394109855831,0.4575955763666798,71.9304464498813,2.2291778606522784e-17,2.507825093233813e-15,_ENSTGUG00000017273.2,mural / vascular endothelial cells 1,3
3,POLR2B_ENSTGUG00000002929.2,3.076321330429308,-0.9645918279756868,0.16799436938593815,31.90286614672266,1.6207782620632878e-08,1.8233755448211982e-06,POLR2B_ENSTGUG00000002929.2,mural / vascular endothelial cells 1,3
4,_ENSTGUG00000017273.2,1.6953544398943619,-4.289287268094719,0.5328410050516789,45.46080403551458,1.5572416693852908e-11,3.503793756116905e-09,_ENSTGUG00000017273.2,mural / vascular endothelial cells 1,3
5,HBAD_ENSTGUG00000004381.2,3.51830593013722,-2.4737302257086733,0.15151259738724654,373.06962288433715,4.016515190483727e-83,9.037159178588391e-81,HBAD_ENSTGUG00000004381.2,mural / vascular endothelial cells 1,3
6,_ENSTGUG00000017273.2,2.2084246868650514,-4.935236091031413,0.5260705351686138,67.20358564769742,2.448683610767278e-16,2.7547690621131885e-14,_ENSTGUG00000017273.2,mural / vascular endothelial cells 1,3
