,Unnamed: 0,baseMean,log2FoldChange,lfcSE,stat,pvalue,padj,gene,cluster,number_of_subsamples
0,VIM_ENSTGUG00000001298.2,18.828585604526797,-1.014906902069814,0.107942963840768,75.21615601476424,4.21900638054805e-18,1.2783589333060588e-15,VIM_ENSTGUG00000001298.2,radial glia 2,1
1,_ENSTGUG00000013071.2,1.4268156841707844,-1.3820693269345787,0.21087755194706975,40.37435786639286,2.0967499181119271e-10,1.2706304503758278e-08,_ENSTGUG00000013071.2,radial glia 2,1
2,CLU_ENSTGUG00000028547.1,7.735720954652415,-1.0050180656701673,0.12064834912684225,60.65552022972406,6.79891460990252e-15,6.866903756001546e-13,CLU_ENSTGUG00000028547.1,radial glia 2,1
3,SLC1A3_ENSTGUG00000002032.2,13.778576381208241,-0.7888565647138831,0.10402031950510802,50.389678054234544,1.2605549326174709e-12,9.548703614577344e-11,SLC1A3_ENSTGUG00000002032.2,radial glia 2,1
4,_ENSTGUG00000009552.2,3.5208956345808224,-0.6361937985208562,0.11958075027944175,27.028877078924094,2.00438577360337e-07,7.591611117522763e-06,_ENSTGUG00000009552.2,radial glia 2,1
5,_ENSTGUG00000006533.2,8.82624158105976,-1.5703143057899929,0.16722688852185216,64.9995991539936,7.491330745833029e-16,1.134936607993704e-13,_ENSTGUG00000006533.2,radial glia 2,1
6,_ENSTGUG00000005933.2,2.1489746587974063,-0.9695207470329499,0.17255818521263452,27.785621964221487,1.3552959972221745e-07,5.866495530833127e-06,_ENSTGUG00000005933.2,radial glia 2,1
7,KCNJ10_ENSTGUG00000020285.1,1.6088385864207708,-0.9754089948089664,0.1724555858272986,30.772515345432108,2.901179980293272e-08,1.4650958900481022e-06,KCNJ10_ENSTGUG00000020285.1,radial glia 2,1
