,Unnamed: 0,baseMean,log2FoldChange,lfcSE,stat,pvalue,padj,gene,cluster,number_of_subsamples
0,HBAA_ENSTGUG00000004372.2,3.2198977416827845,-6.721864422614843,0.5915804200467484,820.4270384827239,1.9539998323794515e-180,7.649909343765553e-177,HBAA_ENSTGUG00000004372.2,radial glia 1,3
1,_ENSTGUG00000017273.2,2.369786789744294,-4.933795238368585,0.5510390853519485,63.90746655227088,1.3040248841711886e-15,2.5526287107651004e-12,_ENSTGUG00000017273.2,radial glia 1,3
2,_ENSTGUG00000017273.2,2.578275698822393,-5.573319915173832,0.5738383441995363,92.91116777433821,5.4695000679476295e-22,2.14513792664906e-18,_ENSTGUG00000017273.2,radial glia 1,3
3,IFI6_ENSTGUG00000021692.1,3.4717606612311065,-5.053453645052575,0.6413042452146582,39.82878603754239,2.772289627660971e-10,5.472499725002757e-07,IFI6_ENSTGUG00000021692.1,radial glia 1,3
4,_ENSTGUG00000017273.2,2.5137987154143198,-5.165637446415817,0.5894486309168278,58.22771634774029,2.3346655080288258e-14,9.217259425697806e-11,_ENSTGUG00000017273.2,radial glia 1,3
