,Unnamed: 0,baseMean,log2FoldChange,lfcSE,stat,pvalue,padj,gene,cluster,number_of_subsamples
0,_ENSTGUG00000028479.1,52.402989302735136,-8.502498927082078,0.2698758827574188,14047.966337429629,0.0,0.0,_ENSTGUG00000028479.1,microglia 2,3
1,_ENSTGUG00000029343.1,42.51625302908993,-11.381512622485129,0.811292723776585,11648.469046109567,0.0,0.0,_ENSTGUG00000029343.1,microglia 2,3
2,_ENSTGUG00000029343.1,38.817408814869744,-12.00167768963289,1.047239805219942,10731.776200072229,0.0,0.0,_ENSTGUG00000029343.1,microglia 2,3
3,_ENSTGUG00000028531.1,28.889194951087738,-9.777944096231638,0.5629570415643389,7913.96515858073,0.0,0.0,_ENSTGUG00000028531.1,microglia 2,3
4,_ENSTGUG00000028479.1,94.7994394804174,-9.453339524042573,0.2705868782244425,5933.469949959654,0.0,0.0,_ENSTGUG00000028479.1,microglia 2,3
5,_ENSTGUG00000029343.1,69.31343480054953,-12.194319631768241,0.7709953097065183,21202.344913829143,0.0,0.0,_ENSTGUG00000029343.1,microglia 2,3
6,_ENSTGUG00000028531.1,15.825535646133359,-8.589447102054969,0.4901474485785994,4414.257501698447,0.0,0.0,_ENSTGUG00000028531.1,microglia 2,3
