,Unnamed: 0,baseMean,log2FoldChange,lfcSE,stat,pvalue,padj,gene,cluster,number_of_subsamples
0,HBAD_ENSTGUG00000004381.2,1.7136060197177967,6.075099787854749,0.6497664265118699,422.9609050037182,5.533190210165422e-94,1.0493695233578727e-90,HBAD_ENSTGUG00000004381.2,GABAergic neurons 2,10
1,HBAA_ENSTGUG00000004372.2,2.7248288025756846,5.729716639815153,0.4589281824593763,655.4525037952674,1.456486941638341e-144,5.524454969634228e-141,HBAA_ENSTGUG00000004372.2,GABAergic neurons 2,10
2,HBAD_ENSTGUG00000004381.2,1.738934033124859,5.237336988015125,0.4874187430213601,399.7744933325949,6.166300045451157e-89,2.2839975368351085e-85,HBAD_ENSTGUG00000004381.2,GABAergic neurons 2,10
