,Unnamed: 0,baseMean,log2FoldChange,lfcSE,stat,pvalue,padj,gene,cluster,number_of_subsamples
0,HBAD_ENSTGUG00000004381.2,2.956634317649166,-9.20247025191935,1.4435952029552743,805.0401023483913,4.32769274497148e-177,6.664646827256077e-174,HBAD_ENSTGUG00000004381.2,glutamatergic neurons 1,10
1,HBAA_ENSTGUG00000004372.2,4.614175072599977,-7.8416505175008835,0.7229645865469054,1227.9381307170509,5.1715617370060075e-269,1.59284101499785e-265,HBAA_ENSTGUG00000004372.2,glutamatergic neurons 1,10
