,Unnamed: 0,baseMean,log2FoldChange,lfcSE,stat,pvalue,padj,gene,cluster,number_of_subsamples
0,CA2_ENSTGUG00000011728.2,3.054975902991333,-1.655835521151818,0.20670373814898596,56.78799422825432,4.8542092594765235e-14,7.130833402171014e-11,CA2_ENSTGUG00000011728.2,red blood cells,1
1,_ENSTGUG00000026720.1,12.096312560587034,-1.6890580290892676,0.1955944947515599,51.652255793506356,6.625447398866482e-13,6.488521485956577e-10,_ENSTGUG00000026720.1,red blood cells,1
2,HBAD_ENSTGUG00000004381.2,274.9591515554138,-2.2290810984660427,0.2048662834518445,66.23102611442211,4.0104979506876616e-16,1.178284297912035e-12,HBAD_ENSTGUG00000004381.2,red blood cells,1
3,HBAA_ENSTGUG00000004372.2,432.91300687576796,-2.017045889387213,0.2153666341098004,46.74618266376365,8.080217958757677e-12,5.9349200907075134e-09,HBAA_ENSTGUG00000004372.2,red blood cells,1
4,AK2_ENSTGUG00000026076.1,2.2234019148325603,-1.3200739543815403,0.22058831275104984,31.87547057196616,1.64379944193801e-08,9.658965520827746e-06,AK2_ENSTGUG00000026076.1,red blood cells,1
