,Unnamed: 0,baseMean,log2FoldChange,lfcSE,stat,pvalue,padj,gene,cluster,number_of_subsamples
3384,_ENSTGUG00000028479.1,25.047689907157906,-23.96414078608528,71.33631917090355,6917.076946061749,0.0,0.0,_ENSTGUG00000028479.1,microglia 1,3
4420,_ENSTGUG00000029343.1,12.726175708978756,-17.88860931987818,14.065103315495556,3512.1573843667647,0.0,0.0,_ENSTGUG00000029343.1,microglia 1,3
4424,_ENSTGUG00000028531.1,5.603293221741481,-17.189556945331482,16.580120100792307,1549.3720569877175,0.0,0.0,_ENSTGUG00000028531.1,microglia 1,3
