,Unnamed: 0,baseMean,log2FoldChange,lfcSE,stat,pvalue,padj,gene,cluster,number_of_subsamples
0,CA2_ENSTGUG00000011728.2,3.054975902991333,-1.6558355211518172,0.20670373814898685,56.787994228254995,4.854209259474832e-14,7.130833402168528e-11,CA2_ENSTGUG00000011728.2,red blood cells,1
1,_ENSTGUG00000026720.1,12.096312560587034,-1.6890580290892647,0.19559449475156054,51.652255793506356,6.625447398866482e-13,6.488521485956577e-10,_ENSTGUG00000026720.1,red blood cells,1
2,HBAD_ENSTGUG00000004381.2,274.9591515554138,-2.2290810984660427,0.2048662834518438,66.23099935768369,4.010552392285052e-16,1.1783002928533482e-12,HBAD_ENSTGUG00000004381.2,red blood cells,1
3,HBAA_ENSTGUG00000004372.2,432.91300687576796,-2.017045889387215,0.2153666341098001,46.746182664697706,8.080217954906411e-12,5.934920087878759e-09,HBAA_ENSTGUG00000004372.2,red blood cells,1
4,AK2_ENSTGUG00000026076.1,2.2234019148325603,-1.3200739543815423,0.22058831275105026,31.87547057196616,1.64379944193801e-08,9.658965520827746e-06,AK2_ENSTGUG00000026076.1,red blood cells,1
