,Unnamed: 0,baseMean,log2FoldChange,lfcSE,stat,pvalue,padj,gene,cluster,number_of_subsamples
0,HBAD_ENSTGUG00000004381.2,3.4343163992630448,-4.451176117203644,0.26918958409272703,706.4869184469792,1.1616902013389818e-155,4.1449106383774875e-152,HBAD_ENSTGUG00000004381.2,GABAergic neurons 1,3
1,HBAA_ENSTGUG00000004372.2,3.3494988029861688,-4.0570815126607895,0.24111092513294746,637.6354045440894,1.091959594287e-140,1.9480559162080083e-137,HBAA_ENSTGUG00000004372.2,GABAergic neurons 1,3
2,HBAD_ENSTGUG00000004381.2,3.2955778759396592,-9.34732081432434,1.443574020558396,891.3096330518686,7.603476628670238e-196,2.6475305621029767e-192,HBAD_ENSTGUG00000004381.2,GABAergic neurons 1,3
3,HBAA_ENSTGUG00000004372.2,3.2103900698081063,-7.296691636472581,0.7228402957025898,832.7584188405115,4.073498477475024e-183,7.091960849284015e-180,HBAA_ENSTGUG00000004372.2,GABAergic neurons 1,3
