,Unnamed: 0,baseMean,log2FoldChange,lfcSE,stat,pvalue,padj,gene,cluster,number_of_subsamples
0,_ENSTGUG00000028479.1,4.141422762075016,-17.268959275718792,19.762547668984173,1146.3509595565413,2.7858338128100933e-251,8.775376510351796e-248,_ENSTGUG00000028479.1,glutamatergic neurons 1,3
1,_ENSTGUG00000029343.1,3.5469454893429946,-15.935359539970962,13.515974874052374,981.7702832736696,1.647349017851852e-215,2.5945747031166665e-212,_ENSTGUG00000029343.1,glutamatergic neurons 1,3
